{
  "builtin_entity_scope": [],
  "config": {
    "unit_name": "tfidf_vectorizer",
    "use_stemming": false,
    "word_clusters_name": null
  },
  "language_code": "en",
  "vectorizer": {
    "idf_diag": [
      5.351889540253643,
      5.033435809135108,
      5.485420932878165,
      5.485420932878165,
      5.23410650459726,
      3.7424516278195425,
      3.7677694358038325,
      3.8204131692892545,
      2.6355405363367375,
      3.717759015229171,
      4.386808644210056,
      3.7424516278195425,
      4.340288628575163,
      4.2532772515855335,
      4.386808644210056,
      4.79227375231822,
      4.386808644210056,
      5.485420932878165,
      4.386808644210056,
      5.639571612705423,
      5.639571612705423,
      4.030133700271323,
      4.723280880831268,
      4.386808644210056,
      2.816210565092219,
      2.4341188081693637,
      1.8553819787871624,
      4.386808644210056,
      1.8668106746107855,
      3.03688192726104,
      2.816210565092219,
      4.723280880831268,
      4.658742359693697,
      4.386808644210056,
      2.33146465410928,
      4.13549421592915,
      4.4868921027670385,
      4.723280880831268,
      4.386808644210056,
      2.3750852765851707,
      4.4868921027670385,
      5.033435809135108,
      2.816210565092219,
      2.6355405363367375,
      2.816210565092219,
      2.9204715754166286,
      4.723280880831268,
      5.639571612705423,
      5.639571612705423,
      2.0019854529790377,
      5.351889540253643,
      3.717759015229171,
      3.6936614636501104,
      4.064035251947004,
      2.4074505610872023,
      4.386808644210056,
      3.7424516278195425,
      5.033435809135108,
      3.717759015229171,
      4.386808644210056,
      2.816210565092219,
      4.386808644210056,
      4.386808644210056,
      4.386808644210056,
      4.723280880831268,
      3.4800873633520513,
      4.212455257065278,
      4.658742359693697,
      4.386808644210056,
      2.496857148802787,
      4.435598808379488,
      5.033435809135108,
      4.0991265717582746,
      5.128745988939433,
      4.386808644210056,
      5.639571612705423,
      3.793744922207093,
      3.304196696888387
    ],
    "vocab": {
      "10": 0,
      "2020": 1,
      "5265353": 2,
      "7": 3,
      "90": 4,
      "all": 5,
      "amazon": 6,
      "and": 7,
      "assigned": 8,
      "atharva": 9,
      "attachments": 10,
      "blog": 11,
      "blogposts": 12,
      "by": 13,
      "comments": 14,
      "commited": 15,
      "commits": 16,
      "current": 17,
      "description": 18,
      "details": 19,
      "display": 20,
      "do": 21,
      "done": 22,
      "entityfeatureid": 23,
      "entityfeatureissuekey": 24,
      "entityfeatureissuetype": 25,
      "entityfeatureprojectname": 26,
      "entityfeaturetitle": 27,
      "entityfeatureusername": 28,
      "epic": 29,
      "epics": 30,
      "fifty": 31,
      "five": 32,
      "forks": 33,
      "from": 34,
      "hac": 35,
      "hacminus": 36,
      "hundred": 37,
      "id": 38,
      "in": 39,
      "inprogress": 40,
      "is": 41,
      "issue": 42,
      "issues": 43,
      "key": 44,
      "made": 45,
      "million": 46,
      "names": 47,
      "nine": 48,
      "of": 49,
      "on": 50,
      "please": 51,
      "posts": 52,
      "progress": 53,
      "project": 54,
      "projects": 55,
      "provide": 56,
      "public": 57,
      "pull": 58,
      "repositories": 59,
      "repository": 60,
      "request": 61,
      "requests": 62,
      "sih": 63,
      "sixty": 64,
      "the": 65,
      "thousand": 66,
      "three": 67,
      "title": 68,
      "to": 69,
      "todo": 70,
      "twenty": 71,
      "two": 72,
      "username": 73,
      "version": 74,
      "what": 75,
      "with": 76,
      "workspace": 77
    }
  }
}